"","NAME","CONTRACT_START","CONTRACT_END","AVG_SALARY","AGE","GP","WR","MIN","PTS","FGM","FGA","FG.","X3PM","X3PA","X3P.","FTM","FTA","FT.","OREB","DREB","REB","AST","TOV","STL","BLK","PF","MARGIN","sum"
"1","Wesley Matthews",2019,2020,2564753,32,69,0.391304347826087,30.304347826087,12.1739130434783,4.04347826086957,10.1159420289855,40,2.17391304347826,5.84057971014493,37.2,1.91304347826087,2.36231884057971,81,0.463768115942029,2,2.46376811594203,2.31884057971015,1.31884057971015,0.782608695652174,0.246376811594203,2.31884057971015,-1.30434782608696,NA
"2","Brook Lopez",2015,2017,21165675,27,72,0.472222222222222,29.1666666666667,17.1666666666667,7.02777777777778,13.7083333333333,51.3,0.0138888888888889,0.138888888888889,10,3.09722222222222,3.80555555555556,81.4,2.97222222222222,4.45833333333333,7.43055555555556,0.694444444444444,1.44444444444444,0.597222222222222,1.75,2.86111111111111,-1.44444444444444,NA
"4","Markieff Morris",2015,2018,8143323.5,25,82,0.475609756097561,31.4756097560976,15.3414634146341,6.24390243902439,13.4146341463415,46.5,0.695121951219512,2.18292682926829,31.8,2.15853658536585,2.82926829268293,76.3,1.34146341463415,4.82926829268293,6.17073170731707,2.34146341463415,2.07317073170732,1.23170731707317,0.475609756097561,2.98780487804878,1.28048780487805,NA
"6","Austin Rivers",2015,2016,7055398,22,76,0.605263157894737,20.5657894736842,6.97368421052632,2.67105263157895,6.52631578947368,40.9,0.513157894736842,1.72368421052632,29.8,1.11842105263158,1.65789473684211,67.5,0.355263157894737,1.64473684210526,2,2.03947368421053,0.855263157894737,0.631578947368421,0.184210526315789,1.92105263157895,-1.68421052631579,NA
"7","Wayne Ellington",2016,2017,6135000,28,76,0.236842105263158,21.25,7.71052631578947,2.86842105263158,7.38157894736842,38.9,1.26315789473684,3.52631578947368,35.8,0.710526315789474,0.828947368421053,85.7,0.263157894736842,2.02631578947368,2.28947368421053,1.09210526315789,0.592105263157895,0.631578947368421,0.0657894736842105,1.07894736842105,-4.23684210526316,NA
"8","JaMychal Green",2019,2020,4767000,29,65,0.476923076923077,21.0923076923077,9.4,3.53846153846154,7.32307692307692,48.3,1.09230769230769,2.70769230769231,40.3,1.23076923076923,1.55384615384615,79.2,1.6,4.69230769230769,6.29230769230769,0.769230769230769,1.33846153846154,0.692307692307692,0.523076923076923,2.96923076923077,-3.29230769230769,NA
"9","Kyle O'Quinn",2015,2018,4051312.5,25,51,0.294117647058824,16.156862745098,5.76470588235294,2.33333333333333,4.74509803921569,49.2,0.235294117647059,0.843137254901961,27.9,0.862745098039216,1.11764705882353,77.2,0.901960784313726,3,3.90196078431373,1.15686274509804,1.07843137254902,0.607843137254902,0.764705882352941,2.15686274509804,-2.41176470588235,NA
"10","Trevor Ariza",2014,2017,8e+06,28,77,0.532467532467532,35.3636363636364,14.3766233766234,5.05194805194805,11.0779220779221,45.6,2.33766233766234,5.74025974025974,40.7,1.93506493506494,2.50649350649351,77.2,1.28571428571429,4.88311688311688,6.16883116883117,2.48051948051948,1.71428571428571,1.63636363636364,0.25974025974026,2.32467532467532,2.54545454545455,NA
"11","Stephen Curry",2013,2016,1.1e+07,25,78,0.576923076923077,38.2435897435897,22.8974358974359,8.02564102564103,17.7948717948718,45.1,3.48717948717949,7.69230769230769,45.3,3.35897435897436,3.73076923076923,90,0.756410256410256,3.26923076923077,4.02564102564103,6.91025641025641,3.07692307692308,1.61538461538462,0.153846153846154,2.53846153846154,1.70512820512821,NA
"12","Langston Galloway",2017,2019,7e+06,25,74,0.391891891891892,20.1891891891892,7.90540540540541,2.7972972972973,7.36486486486486,38,1.62162162162162,4.16216216216216,39,0.689189189189189,0.864864864864865,79.7,0.364864864864865,1.74324324324324,2.10810810810811,1.25675675675676,0.621621621621622,0.621621621621622,0.0810810810810811,1.2972972972973,-0.810810810810811,NA
"13","Solomon Hill",2016,2019,12500000,25,59,0.525423728813559,14.6779661016949,4.16949152542373,1.57627118644068,3.52542372881356,44.7,0.406779661016949,1.25423728813559,32.4,0.610169491525424,0.711864406779661,85.7,0.661016949152542,2.15254237288136,2.8135593220339,0.966101694915254,0.559322033898305,0.627118644067797,0.186440677966102,1.15254237288136,0.779661016949153,NA
"14","Glenn Robinson III",2015,2017,1224935,21,35,0.0571428571428571,7.45714285714286,2.08571428571429,0.742857142857143,1.91428571428571,38.8,0.142857142857143,0.542857142857143,26.3,0.457142857142857,0.685714285714286,66.7,0.428571428571429,0.685714285714286,1.11428571428571,0.314285714285714,0.314285714285714,0.171428571428571,0.0285714285714286,0.428571428571429,0.771428571428571,NA
"15","Kyle Korver",2017,2019,5708251,36,67,0.492537313432836,26.1641791044776,10.1194029850746,3.56716417910448,7.6865671641791,46.4,2.41791044776119,5.35820895522388,45.1,0.567164179104478,0.626865671641791,90.5,0.104477611940299,2.67164179104478,2.77611940298507,1.64179104477612,1.02985074626866,0.507462686567164,0.313432835820896,1.59701492537313,-2.52238805970149,NA
"16","Jared Dudley",2011,2015,4250000,25,82,0.48780487804878,26.0975609756098,10.5731707317073,3.65853658536585,7.67073170731707,47.7,1.28048780487805,3.08536585365854,41.5,1.97560975609756,2.65853658536585,74.3,1.35365853658537,2.52439024390244,3.8780487804878,1.31707317073171,0.939024390243902,1.0609756097561,0.24390243902439,1.69512195121951,-0.378048780487805,NA
"17","Pat Connaughton",2018,2019,1682025,25,82,0.597560975609756,18.1463414634146,5.3780487804878,2.01219512195122,4.75609756097561,42.3,0.902439024390244,2.5609756097561,35.2,0.451219512195122,0.536585365853659,84.1,0.439024390243902,1.52439024390244,1.96341463414634,1.10975609756098,0.524390243902439,0.280487804878049,0.268292682926829,1.46341463414634,1.71951219512195,NA
"18","Kyle Lowry",2017,2019,31633333.33,31,60,0.6,37.4,22.4,7.1,15.3,46.4,3.21666666666667,7.8,41.2,4.98333333333333,6.08333333333333,81.9,0.8,3.96666666666667,4.76666666666667,6.95,2.88333333333333,1.46666666666667,0.316666666666667,2.83333333333333,5.93333333333333,NA
"19","Alec Burks",2015,2018,10375000,23,27,0.333333333333333,33.2962962962963,13.8518518518519,4.48148148148148,11.1111111111111,40.3,0.962962962962963,2.51851851851852,38.2,3.92592592592593,4.77777777777778,82.2,0.703703703703704,3.51851851851852,4.22222222222222,3.03703703703704,1.92592592592593,0.62962962962963,0.185185185185185,2.37037037037037,-4.77777777777778,NA
"20","Thabo Sefolosha",2017,2018,5250000,33,62,0.516129032258065,25.741935483871,7.16129032258065,2.80645161290323,6.37096774193548,44.1,0.661290322580645,1.93548387096774,34.2,0.887096774193548,1.20967741935484,73.3,0.870967741935484,3.48387096774194,4.35483870967742,1.7258064516129,0.935483870967742,1.54838709677419,0.5,1.56451612903226,-1.04838709677419,NA
"21","Goran Dragic",2015,2019,17000450,29,78,0.525641025641026,33.8461538461538,16.3461538461538,6.43589743589744,12.8461538461538,50.1,1.15384615384615,3.32051282051282,34.7,2.32051282051282,3,77.4,1.03846153846154,2.47435897435897,3.51282051282051,4.48717948717949,2.21794871794872,1,0.192307692307692,2.5,0.256410256410256,NA
"22","Nicolas Batum",2016,2020,23217391.5,27,70,0.585714285714286,34.9714285714286,14.9428571428571,5.31428571428571,12.4714285714286,42.6,1.98571428571429,5.7,34.8,2.32857142857143,2.74285714285714,84.9,0.785714285714286,5.32857142857143,6.11428571428571,5.75714285714286,2.92857142857143,0.928571428571429,0.614285714285714,1.62857142857143,3.01428571428571,NA
"23","Austin Rivers",2019,2020,2174310,26,76,0.592105263157895,26.6842105263158,8.13157894736842,3.05263157894737,7.52631578947368,40.6,1.36842105263158,4.30263157894737,31.8,0.657894736842105,1.25,52.6,0.328947368421053,1.80263157894737,2.13157894736842,2.19736842105263,0.894736842105263,0.618421052631579,0.302631578947368,2.72368421052632,1.36842105263158,NA
"24","Julius Randle",2018,2019,13320500,23,82,0.426829268292683,26.7073170731707,16.1341463414634,6.14634146341463,11.0243902439024,55.8,0.121951219512195,0.548780487804878,22.2,3.71951219512195,5.18292682926829,71.8,2.20731707317073,5.76829268292683,7.97560975609756,2.5609756097561,2.59756097560976,0.524390243902439,0.548780487804878,3.34146341463415,-0.98780487804878,NA
"25","Garrett Temple",2016,2018,8e+06,30,80,0.5,24.3875,7.275,2.5125,6.3125,39.8,1.1125,3.225,34.5,1.1375,1.5625,72.8,0.45,2.2,2.65,1.75,0.8,0.8625,0.225,2.4375,-0.475,NA
"26","Montrezl Harrell",2018,2019,6e+06,24,76,0.513157894736842,17.0131578947368,11,4.57894736842105,7.21052631578947,63.5,0.0131578947368421,0.0921052631578947,14.3,1.82894736842105,2.92105263157895,62.6,1.35526315789474,2.67105263157895,4.02631578947368,0.973684210526316,0.894736842105263,0.473684210526316,0.684210526315789,1.88157894736842,0.697368421052632,NA
"27","Kentavious Caldwell-Pope",2019,2020,8139282,26,82,0.451219512195122,24.8170731707317,11.4390243902439,3.96341463414634,9.21951219512195,43,1.84146341463415,5.30487804878049,34.7,1.67073170731707,1.92682926829268,86.7,0.585365853658537,2.31707317073171,2.90243902439024,1.34146341463415,0.792682926829268,0.890243902439024,0.158536585365854,1.67073170731707,-1.90243902439024,NA
"28","Patrick McCaw",2018,2019,2482052,22,57,0.719298245614035,16.859649122807,4.01754385964912,1.6140350877193,3.94736842105263,40.9,0.333333333333333,1.40350877192982,23.8,0.456140350877193,0.596491228070175,76.5,0.280701754385965,1.15789473684211,1.43859649122807,1.42105263157895,0.719298245614035,0.754385964912281,0.175438596491228,1.17543859649123,-1.49122807017544,NA
"29","JaMychal Green",2017,2018,8300000,27,77,0.519480519480519,27.2857142857143,8.94805194805195,3.24675324675325,6.49350649350649,50,0.714285714285714,1.88311688311688,37.9,1.74025974025974,2.16883116883117,80.2,2.16883116883117,4.8961038961039,7.06493506493506,1.09090909090909,1.22077922077922,0.61038961038961,0.441558441558442,3.22077922077922,-0.363636363636364,NA
"30","Eric Bledsoe",2014,2018,1.4e+07,24,43,0.651162790697674,32.9302325581395,17.7441860465116,6.16279069767442,12.9302325581395,47.7,1.16279069767442,3.25581395348837,35.7,4.25581395348837,5.51162790697674,77.2,0.627906976744186,4.06976744186047,4.69767441860465,5.46511627906977,3.32558139534884,1.6046511627907,0.325581395348837,2.30232558139535,3.16279069767442,NA
"31","E'Twaun Moore",2012,2013,823244,23,38,0.631578947368421,8.71052631578947,2.89473684210526,1.13157894736842,2.97368421052632,38.1,0.447368421052632,1.18421052631579,37.8,0.184210526315789,0.184210526315789,100,0.105263157894737,0.763157894736842,0.868421052631579,0.894736842105263,0.552631578947368,0.289473684210526,0.0789473684210526,0.868421052631579,0.815789473684211,NA
"32","Al Horford",2011,2015,1.2e+07,25,77,0.532467532467532,35.1168831168831,15.2987012987013,6.66233766233766,11.961038961039,55.7,0.025974025974026,0.051948051948052,50,1.94805194805195,2.44155844155844,79.8,2.36363636363636,6.96103896103896,9.32467532467532,3.45454545454545,1.54545454545455,0.766233766233766,1.03896103896104,2.50649350649351,0.571428571428571,NA
"33","Kawhi Leonard",2015,2019,21754050.8,24,64,0.71875,31.765625,16.515625,6.15625,12.84375,47.9,1.046875,3,34.9,3.15625,3.9375,80.2,1.328125,5.875,7.203125,2.515625,1.515625,2.3125,0.75,2,6.875,NA
"35","James Johnson",2014,2015,2500000,27,52,0.634615384615385,18.3846153846154,7.38461538461539,2.75,5.92307692307692,46.4,0.423076923076923,1.67307692307692,25.3,1.46153846153846,1.73076923076923,84.4,1.15384615384615,2.03846153846154,3.19230769230769,2.13461538461538,1.26923076923077,0.807692307692308,1.09615384615385,1.96153846153846,1.84615384615385,NA
"37","John Wall",2014,2018,16284036.4,23,82,0.536585365853659,36.3414634146341,19.3048780487805,7.0609756097561,16.3048780487805,43.3,1.31707317073171,3.75609756097561,35.1,3.86585365853659,4.80487804878049,80.5,0.463414634146341,3.59756097560976,4.0609756097561,8.79268292682927,3.59756097560976,1.81707317073171,0.48780487804878,2.67073170731707,2.39024390243902,NA
"38","Tyson Chandler",2011,2014,13852362.75,28,74,0.72972972972973,27.8243243243243,10.1081081081081,3.59459459459459,5.5,65.4,0,0,0,2.91891891891892,3.98648648648649,73.2,2.78378378378378,6.56756756756757,9.35135135135135,0.432432432432432,1.18918918918919,0.486486486486487,1.08108108108108,3.24324324324324,3.98648648648649,NA
"39","Matthew Dellavedova",2016,2019,9607500,25,76,0.710526315789474,24.5657894736842,7.48684210526316,2.72368421052632,6.72368421052632,40.5,1.28947368421053,3.14473684210526,41,0.75,0.868421052631579,86.4,0.434210526315789,1.69736842105263,2.13157894736842,4.43421052631579,1.52631578947368,0.578947368421053,0.118421052631579,2.34210526315789,5.01315789473684,NA
"40","Avery Bradley",2014,2017,8e+06,23,60,0.316666666666667,30.9166666666667,14.85,6.01666666666667,13.75,43.8,1.31666666666667,3.33333333333333,39.5,1.5,1.86666666666667,80.4,0.8,2.96666666666667,3.76666666666667,1.41666666666667,1.6,1.05,0.183333333333333,2.41666666666667,-2.11666666666667,NA
"41","Will Barton",2015,2017,3533333,24,58,0.517241379310345,16.9655172413793,6.8448275862069,2.58620689655172,6.08620689655172,42.5,0.396551724137931,1.46551724137931,27.1,1.27586206896552,1.62068965517241,78.7,0.448275862068966,2.3448275862069,2.79310344827586,1.39655172413793,1.05172413793103,0.827586206896552,0.327586206896552,1.20689655172414,-0.5,NA
"42","Cory Joseph",2015,2018,7472500,23,79,0.670886075949367,18.2784810126582,6.77215189873418,2.62025316455696,5.20253164556962,50.4,0.20253164556962,0.556962025316456,36.4,1.32911392405063,1.81012658227848,73.4,0.556962025316456,1.87341772151899,2.43037974683544,2.37974683544304,0.848101265822785,0.582278481012658,0.215189873417722,1.32911392405063,2.18987341772152,NA
"43","Jonas Valanciunas",2016,2019,15595506,24,60,0.666666666666667,25.95,12.8,5.05,8.93333333333333,56.5,0,0,0,2.7,3.55,76.1,3.06666666666667,6.05,9.11666666666667,0.7,1.41666666666667,0.416666666666667,1.33333333333333,2.63333333333333,2.45,NA
"44","Paul George",2014,2018,20132140,24,80,0.675,36.225,21.7125,7.2125,17.025,42.4,2.275,6.25,36.4,5.0125,5.8,86.4,0.8,5.975,6.775,3.5375,2.8,1.8875,0.275,2.475,4.6375,NA
"45","Quinn Cook",2017,2018,867391.5,24,14,0.642857142857143,13.3571428571429,5.64285714285714,2.35714285714286,4.71428571428571,50,0.785714285714286,1.85714285714286,42.3,0.142857142857143,0.357142857142857,40,0.0714285714285714,0.428571428571429,0.5,1.85714285714286,0.928571428571429,0.285714285714286,0,0.928571428571429,-2.92857142857143,NA
"46","Rudy Gay",2017,2018,9246600,30,30,0.366666666666667,33.7666666666667,18.7333333333333,6.7,14.7333333333333,45.5,1.4,3.76666666666667,37.2,3.93333333333333,4.6,85.5,1.16666666666667,5.16666666666667,6.33333333333333,2.76666666666667,2.46666666666667,1.46666666666667,0.866666666666667,2.63333333333333,2.2,NA
"47","Kent Bazemore",2016,2019,17500000,26,75,0.586666666666667,27.7733333333333,11.6266666666667,4.26666666666667,9.66666666666667,44.1,1.45333333333333,4.06666666666667,35.7,1.64,2.01333333333333,81.5,0.373333333333333,4.68,5.05333333333333,2.28,1.84,1.30666666666667,0.506666666666667,2.34666666666667,1.01333333333333,NA
"49","Paul Millsap",2017,2019,30116666.67,32,69,0.579710144927536,33.9565217391304,18.0579710144928,6.23188405797101,14.0869565217391,44.2,1.08695652173913,3.49275362318841,31.1,4.50724637681159,5.8695652173913,76.8,1.60869565217391,6.11594202898551,7.72463768115942,3.65217391304348,2.28985507246377,1.30434782608696,0.898550724637681,2.69565217391304,1.95652173913043,NA
"50","Rodney Hood",2019,2020,5718000,26,72,0.402777777777778,26.2916666666667,11.1805555555556,4.05555555555556,9.31944444444444,43.5,1.16666666666667,3.27777777777778,35.6,1.90277777777778,2.15277777777778,88.4,0.347222222222222,1.83333333333333,2.18055555555556,1.75,0.763888888888889,0.819444444444444,0.166666666666667,2.02777777777778,-3.79166666666667,NA
"51","LaMarcus Aldridge",2015,2018,21018007.5,29,71,0.676056338028169,35.3802816901408,23.3943661971831,9.28169014084507,19.9295774647887,46.6,0.52112676056338,1.47887323943662,35.2,4.30985915492958,5.09859154929577,84.5,2.49295774647887,7.73239436619718,10.2253521126761,1.74647887323944,1.71830985915493,0.676056338028169,0.957746478873239,1.76056338028169,4.76056338028169,NA
"52","Al Horford",2016,2019,27800803.75,30,82,0.585365853658537,32.0853658536585,15.2317073170732,6.45121951219512,12.780487804878,50.5,1.07317073170732,3.1219512195122,34.4,1.25609756097561,1.57317073170732,79.8,1.80487804878049,5.46341463414634,7.26829268292683,3.20731707317073,1.30487804878049,0.829268292682927,1.47560975609756,1.98780487804878,2.81707317073171,NA
"53","Marc Gasol",2015,2019,22642350,30,81,0.679012345679012,33.1728395061728,17.4444444444444,6.54320987654321,13.2345679012346,49.4,0.037037037037037,0.209876543209877,17.6,4.32098765432099,5.4320987654321,79.5,1.41975308641975,6.35802469135802,7.77777777777778,3.79012345679012,2.17283950617284,0.864197530864197,1.61728395061728,2.5679012345679,2.77777777777778,NA
"54","Goran Dragic",2012,2015,9320750,26,66,0.515151515151515,26.5454545454545,11.7424242424242,4.1969696969697,9.09090909090909,46.2,1.03030303030303,3.06060606060606,33.7,2.31818181818182,2.87878787878788,80.5,0.803030303030303,1.74242424242424,2.54545454545455,5.31818181818182,2.37878787878788,1.28787878787879,0.151515151515152,2.51515151515152,1.04545454545455,NA
"55","Danny Green",2015,2018,1e+07,28,81,0.679012345679012,28.5308641975309,11.679012345679,3.97530864197531,9.11111111111111,43.6,2.35802469135802,5.64197530864198,41.8,1.37037037037037,1.5679012345679,87.4,0.666666666666667,3.5679012345679,4.23456790123457,1.95061728395062,1.14814814814815,1.24691358024691,1.07407407407407,2.01234567901235,5.30864197530864,NA
"56","Gordon Hayward",2014,2017,18989152.5,24,77,0.298701298701299,36.3636363636364,16.2077922077922,5.53246753246753,13.4025974025974,41.3,1.1038961038961,3.63636363636364,30.4,4.03896103896104,4.94805194805195,81.6,0.805194805194805,4.27272727272727,5.07792207792208,5.19480519480519,2.75324675324675,1.42857142857143,0.519480519480519,2.01298701298701,-5.12987012987013,NA
"57","Austin Rivers",2016,2018,11993441.33,23,67,0.626865671641791,21.8507462686567,8.85074626865672,3.37313432835821,7.70149253731343,43.8,0.925373134328358,2.76119402985075,33.5,1.17910447761194,1.73134328358209,68.1,0.328358208955224,1.61194029850746,1.94029850746269,1.47761194029851,0.91044776119403,0.716417910447761,0.134328358208955,2.04477611940298,-2.41791044776119,NA
"58","Spencer Dinwiddie",2016,2017,1125488.5,23,12,0.416666666666667,13.25,4.83333333333333,1.58333333333333,4.5,35.2,0.0833333333333333,0.833333333333333,10,1.58333333333333,2.75,57.6,0.333333333333333,1.08333333333333,1.41666666666667,1.83333333333333,0.583333333333333,0.25,0,1.66666666666667,-4.66666666666667,NA
"59","Rajon Rondo",2019,2020,2564753,33,46,0.41304347826087,29.7608695652174,9.21739130434783,3.80434782608696,9.39130434782609,40.5,1.10869565217391,3.08695652173913,35.9,0.5,0.782608695652174,63.9,0.739130434782609,4.54347826086957,5.28260869565217,7.97826086956522,2.76086956521739,1.23913043478261,0.152173913043478,2.17391304347826,-5.32608695652174,NA
"60","Jimmy Butler",2015,2019,21048050.8,25,65,0.615384615384615,38.6615384615385,20.0153846153846,6.47692307692308,14.0307692307692,46.2,1.12307692307692,2.96923076923077,37.8,5.93846153846154,7.12307692307692,83.4,1.75384615384615,4.07692307692308,5.83076923076923,3.26153846153846,1.43076923076923,1.75384615384615,0.553846153846154,1.66153846153846,3.66153846153846,NA
"61","Mike Conley",2011,2015,8026314.2,23,81,0.567901234567901,35.4567901234568,13.6666666666667,5.22222222222222,11.7654320987654,44.4,0.987654320987654,2.67901234567901,36.9,2.23456790123457,3.04938271604938,73.3,0.395061728395062,2.65432098765432,3.04938271604938,6.51851851851852,2.17283950617284,1.77777777777778,0.222222222222222,2.24691358024691,3.66666666666667,NA
"63","George Hill",2012,2016,8e+06,26,50,0.7,25.48,9.62,3.36,7.6,44.2,1.08,2.94,36.7,1.82,2.34,77.8,0.62,2.4,3.02,2.9,1.04,0.84,0.34,1.96,1.54,NA
"64","Mike Muscala",2017,2018,5e+06,25,70,0.514285714285714,17.6714285714286,6.21428571428571,2.42857142857143,4.81428571428571,50.4,0.657142857142857,1.57142857142857,41.8,0.7,0.914285714285714,76.6,1.08571428571429,2.34285714285714,3.42857142857143,1.35714285714286,0.785714285714286,0.428571428571429,0.585714285714286,1.38571428571429,-1.08571428571429,NA
"65","Jeremy Lamb",2016,2018,7e+06,24,66,0.606060606060606,18.5909090909091,8.78787878787879,3.48484848484848,7.72727272727273,45.1,0.848484848484849,2.74242424242424,30.9,0.96969696969697,1.33333333333333,72.7,0.666666666666667,3.15151515151515,3.81818181818182,1.16666666666667,0.757575757575758,0.636363636363636,0.454545454545455,1.59090909090909,2.3030303030303,NA
"66","Spencer Dinwiddie",2016,2018,1302356.333,23,12,0.416666666666667,13.25,4.83333333333333,1.58333333333333,4.5,35.2,0.0833333333333333,0.833333333333333,10,1.58333333333333,2.75,57.6,0.333333333333333,1.08333333333333,1.41666666666667,1.83333333333333,0.583333333333333,0.25,0,1.66666666666667,-4.66666666666667,NA
"67","Devin Harris",2014,2017,4140721,31,40,0.6,20.45,7.875,2.4,6.35,37.8,0.775,2.525,30.7,2.3,2.875,80,0.2,1.925,2.125,4.45,1.475,0.7,0.05,1.8,3.9,NA
"68","Jahlil Okafor",2018,2019,1634746.5,22,28,0.25,12.6071428571429,6.28571428571429,2.75,4.92857142857143,55.8,0.0357142857142857,0.142857142857143,25,0.75,1.03571428571429,72.4,0.75,2.28571428571429,3.03571428571429,0.428571428571429,0.75,0.107142857142857,0.642857142857143,1.82142857142857,-5.82142857142857,NA
"69","Wilson Chandler",2015,2018,11625000,28,78,0.358974358974359,31.6794871794872,13.9102564102564,5.35897435897436,12.5,42.9,1.78205128205128,5.20512820512821,34.2,1.41025641025641,1.82051282051282,77.5,1.23076923076923,4.85897435897436,6.08974358974359,1.71794871794872,1.41025641025641,0.743589743589744,0.371794871794872,2.96153846153846,-2.78205128205128,NA
"70","Paul Millsap",2013,2014,9500000,28,78,0.525641025641026,30.4487179487179,14.5512820512821,5.5,11.2179487179487,49,0.166666666666667,0.5,33.3,3.38461538461538,4.56410256410256,74.2,2.26923076923077,4.83333333333333,7.1025641025641,2.57692307692308,1.76923076923077,1.30769230769231,1.02564102564103,2.97435897435897,0.0512820512820513,NA
"71","Kent Bazemore",2014,2015,2e+06,24,67,0.522388059701492,13.5970149253731,6.01492537313433,2.19402985074627,5.11940298507463,42.9,0.641791044776119,1.91044776119403,33.6,0.985074626865672,1.62686567164179,60.6,0.149253731343284,1.59701492537313,1.74626865671642,1.35820895522388,1.17910447761194,0.641791044776119,0.194029850746269,1.52238805970149,-3.74626865671642,NA
"72","Russell Westbrook",2016,2018,30168166.33,27,80,0.6875,34.3625,23.475,8.2,18.05,45.4,1.2625,4.2625,29.6,5.8125,7.1625,81.2,1.8125,6.0125,7.825,10.425,4.275,2.0375,0.25,2.5,7.925,NA
"73","Nerlens Noel",2018,2019,1820148,24,30,0.2,15.7333333333333,4.36666666666667,1.83333333333333,3.5,52.4,0,0.0333333333333333,0,0.7,0.933333333333333,75,1.6,4,5.6,0.666666666666667,0.866666666666667,1.03333333333333,0.733333333333333,1.96666666666667,-3.96666666666667,NA
"74","Kevin Love",2015,2019,23311776,26,75,0.666666666666667,33.76,16.3733333333333,5.50666666666667,12.6933333333333,43.4,1.92,5.22666666666667,36.7,3.44,4.28,80.4,1.89333333333333,7.85333333333333,9.74666666666667,2.24,1.62666666666667,0.68,0.52,1.86666666666667,5.32,NA
"75","Tobias Harris",2015,2018,1.6e+07,22,68,0.294117647058824,34.8382352941176,17.1176470588235,6.5,13.9558823529412,46.6,1.27941176470588,3.51470588235294,36.4,2.83823529411765,3.60294117647059,78.8,1.07352941176471,5.25,6.32352941176471,1.82352941176471,1.69117647058824,1.01470588235294,0.529411764705882,1.97058823529412,-4.32352941176471,NA
"76","Bismack Biyombo",2015,2016,9907000,22,64,0.40625,19.421875,4.75,1.578125,2.90625,54.3,0,0,0,1.59375,2.734375,58.3,2.484375,3.875,6.359375,0.25,0.8125,0.28125,1.546875,2.1875,-0.484375,NA
"77","Terrence Ross",2016,2018,10333333.33,25,73,0.726027397260274,23.9315068493151,9.86301369863014,3.6986301369863,8.57534246575342,43.1,1.79452054794521,4.64383561643836,38.6,0.671232876712329,0.849315068493151,79,0.287671232876712,2.24657534246575,2.53424657534247,0.767123287671233,0.63013698630137,0.73972602739726,0.342465753424658,1.64383561643836,3.32876712328767,NA
"78","Enes Kanter",2015,2018,17675529.25,23,75,0.426666666666667,28.48,15.5066666666667,6.42666666666667,12.3733333333333,51.9,0.213333333333333,0.6,35.6,2.44,3.12,78.2,3.69333333333333,5.25333333333333,8.94666666666667,0.733333333333333,1.93333333333333,0.48,0.386666666666667,2.52,-0.453333333333333,NA
"79","Dwight Powell",2016,2019,9317187.5,24,69,0.507246376811594,14.3768115942029,5.78260869565217,2.11594202898551,4.28985507246377,49.3,0.0289855072463768,0.231884057971014,12.5,1.52173913043478,2.05797101449275,73.9,1.21739130434783,2.73913043478261,3.95652173913043,0.63768115942029,0.579710144927536,0.521739130434783,0.347826086956522,1.71014492753623,-1.17391304347826,NA
"80","Kevin Durant",2016,2017,25770050,27,72,0.722222222222222,35.8055555555556,28.1805555555556,9.69444444444444,19.1805555555556,50.5,2.58333333333333,6.68055555555556,38.7,6.20833333333333,6.91666666666667,89.8,0.625,7.55555555555556,8.18055555555556,5.01388888888889,3.47222222222222,0.958333333333333,1.18055555555556,1.90277777777778,8.97222222222222,NA
"81","Langston Galloway",2016,2017,5933333.5,24,82,0.390243902439024,24.7926829268293,7.6219512195122,2.81707317073171,7.17073170731707,39.3,0.939024390243902,2.73170731707317,34.4,1.04878048780488,1.39024390243902,75.4,0.524390243902439,2.98780487804878,3.51219512195122,2.52439024390244,0.74390243902439,0.939024390243902,0.268292682926829,2.15853658536585,-1.26829268292683,NA
"82","Russell Westbrook",2012,2016,17473207.2,23,66,0.712121212121212,35.3181818181818,23.6060606060606,8.75757575757576,19.1818181818182,45.7,0.939393939393939,2.96969696969697,31.6,5.15151515151515,6.25757575757576,82.3,1.45454545454545,3.10606060606061,4.56060606060606,5.48484848484848,3.62121212121212,1.6969696969697,0.318181818181818,2.22727272727273,5.57575757575758,NA
"83","Jeff Teague",2017,2019,1.9e+07,29,82,0.51219512195122,32.4024390243902,15.2926829268293,4.90243902439024,11.0853658536585,44.2,1.09756097560976,3.07317073170732,35.7,4.39024390243902,5.0609756097561,86.7,0.402439024390244,3.6219512195122,4.02439024390244,7.79268292682927,2.63414634146341,1.21951219512195,0.390243902439024,2.01219512195122,0.597560975609756,NA
"84","Kenneth Faried",2015,2018,12619684.25,25,75,0.4,27.8133333333333,12.6133333333333,4.97333333333333,9.81333333333333,50.7,0.0133333333333333,0.106666666666667,12.5,2.65333333333333,3.84,69.1,3.22666666666667,5.68,8.90666666666667,1.18666666666667,1.57333333333333,0.826666666666667,0.76,2.81333333333333,-0.506666666666667,NA
"85","Ben McLemore",2017,2018,5330000,24,61,0.442622950819672,19.2786885245902,8.11475409836066,2.95081967213115,6.86885245901639,43,1.0655737704918,2.78688524590164,38.2,1.14754098360656,1.52459016393443,75.3,0.311475409836066,1.80327868852459,2.11475409836066,0.836065573770492,1.01639344262295,0.475409836065574,0.0983606557377049,1.77049180327869,-2.21311475409836,NA
"86","Elfrid Payton",2019,2020,8e+06,25,42,0.428571428571429,29.7619047619048,10.6190476190476,4.26190476190476,9.80952380952381,43.4,0.785714285714286,2.5,31.4,1.30952380952381,1.76190476190476,74.3,1.16666666666667,4.07142857142857,5.23809523809524,7.61904761904762,2.66666666666667,1.04761904761905,0.404761904761905,1.92857142857143,-1.64285714285714,NA
"87","Reggie Jackson",2015,2019,12485153,25,77,0.480519480519481,29.4545454545455,14.5064935064935,5.61038961038961,12.9350649350649,43.4,0.935064935064935,3.12987012987013,29.9,2.35064935064935,2.83116883116883,83,0.727272727272727,3.51948051948052,4.24675324675325,6,2.41558441558442,0.805194805194805,0.116883116883117,2.16883116883117,1.46753246753247,NA
"88","Wesley Matthews",2015,2018,17699435.25,28,60,0.683333333333333,33.7333333333333,15.9333333333333,5.61666666666667,12.5333333333333,44.8,2.88333333333333,7.41666666666667,38.9,1.81666666666667,2.41666666666667,75.2,0.633333333333333,3.06666666666667,3.7,2.31666666666667,1.35,1.28333333333333,0.166666666666667,2.2,4.53333333333333,NA
"90","Bryn Forbes",2018,2019,3e+06,24,80,0.575,18.9625,6.9375,2.6125,6.2125,42.1,1.1125,2.85,39,0.6,0.9,66.7,0.15,1.225,1.375,1,0.4625,0.35,0.025,1.35,1.525,NA
"91","Al-Farouq Aminu",2015,2018,7500000,24,74,0.608108108108108,18.4594594594595,5.56756756756757,1.98648648648649,4.82432432432432,41.2,0.459459459459459,1.67567567567568,27.4,1.13513513513514,1.59459459459459,71.2,1.54054054054054,3.08108108108108,4.62162162162162,0.797297297297297,0.743243243243243,0.945945945945946,0.837837837837838,1.85135135135135,1.41891891891892,NA
"92","Mason Plumlee",2017,2019,13666666.67,27,81,0.469135802469136,26.5185185185185,10.3950617283951,4.12345679012346,7.69135802469136,53.6,0,0.0740740740740741,0,2.14814814814815,3.7037037037037,58,2.09876543209877,5.37037037037037,7.46913580246914,3.50617283950617,1.65432098765432,0.851851851851852,1.1358024691358,2.79012345679012,-0.0123456790123457,NA
"93","Jrue Holiday",2013,2016,1.1e+07,23,78,0.435897435897436,37.5128205128205,17.7307692307692,7.11538461538461,16.5128205128205,43.1,1.16666666666667,3.16666666666667,36.8,2.33333333333333,3.1025641025641,75.2,1.14102564102564,3.07692307692308,4.21794871794872,8.01282051282051,3.74358974358974,1.57692307692308,0.41025641025641,2.17948717948718,-1.62820512820513,NA
"95","Derrick Rose",2012,2016,18862876,23,39,0.82051282051282,35.2307692307692,21.8461538461538,7.74358974358974,17.8205128205128,43.5,1.38461538461538,4.43589743589744,31.2,4.97435897435897,6.12820512820513,81.2,0.666666666666667,2.69230769230769,3.35897435897436,7.87179487179487,3.05128205128205,0.897435897435897,0.717948717948718,1.33333333333333,7.43589743589744,NA
"96","E'Twaun Moore",2016,2019,8680000,27,59,0.491525423728814,21.4067796610169,7.50847457627119,3.16949152542373,6.59322033898305,48.1,0.796610169491525,1.76271186440678,45.2,0.372881355932203,0.593220338983051,62.9,0.322033898305085,1.93220338983051,2.25423728813559,1.67796610169492,0.898305084745763,0.627118644067797,0.305084745762712,1.74576271186441,-0.627118644067797,NA
"97","Paul Millsap",2015,2017,23170974.33,30,73,0.753424657534247,32.7397260273973,16.6849315068493,6.06849315068493,12.7397260273973,47.6,1.05479452054795,2.95890410958904,35.6,3.49315068493151,4.61643835616438,75.7,1.9041095890411,5.9041095890411,7.80821917808219,3.05479452054795,2.27397260273973,1.78082191780822,0.945205479452055,2.75342465753425,5.58904109589041,NA
"98","Willie Cauley-Stein",2019,2020,2177483,25,81,0.481481481481481,27.320987654321,11.9135802469136,5.08641975308642,9.14814814814815,55.6,0.0123456790123457,0.0246913580246914,50,1.72839506172839,3.1358024691358,55.1,2.23456790123457,6.1358024691358,8.37037037037037,2.39506172839506,1.03703703703704,1.18518518518519,0.62962962962963,2.80246913580247,0.666666666666667,NA
"99","Raul Neto",2018,2019,1918572.5,26,41,0.682926829268293,12.1463414634146,4.46341463414634,1.68292682926829,3.68292682926829,45.7,0.463414634146341,1.14634146341463,40.4,0.634146341463415,0.853658536585366,74.3,0.170731707317073,1.02439024390244,1.19512195121951,1.82926829268293,0.878048780487805,0.317073170731707,0.0975609756097561,0.926829268292683,2.90243902439024,NA
"100","Kevin Durant",2018,2019,33599500,29,68,0.720588235294118,34.1911764705882,26.3529411764706,9.26470588235294,17.9705882352941,51.6,2.54411764705882,6.07352941176471,41.9,5.27941176470588,5.94117647058824,88.9,0.455882352941176,6.36764705882353,6.82352941176471,5.38235294117647,3.04411764705882,0.735294117647059,1.75,1.95588235294118,5.16176470588235,NA
"101","Bojan Bogdanovic",2017,2018,10500000,28,81,0.283950617283951,25.7160493827161,13.7407407407407,4.64197530864198,10.4320987654321,44.5,1.77777777777778,4.83950617283951,36.7,2.67901234567901,3,89.3,0.45679012345679,2.96296296296296,3.41975308641975,1.37037037037037,1.61728395061728,0.419753086419753,0.0864197530864197,1.80246913580247,-3.25925925925926,NA
"102","Carmelo Anthony",2014,2018,19706085.6,30,77,0.454545454545455,38.7272727272727,27.4285714285714,9.64935064935065,21.3376623376623,45.2,2.16883116883117,5.38961038961039,40.2,5.96103896103896,7.02597402597403,84.8,1.88311688311688,6.19480519480519,8.07792207792208,3.14285714285714,2.57142857142857,1.23376623376623,0.662337662337662,2.90909090909091,1.35064935064935,NA
"103","Jose Calderon",2013,2016,7250000,31,73,0.315068493150685,29.5753424657534,11.3150684931507,4.27397260273973,8.6986301369863,49.1,1.78082191780822,3.86301369863014,46.1,0.986301369863014,1.0958904109589,90,0.273972602739726,2.13698630136986,2.41095890410959,7.0958904109589,1.72602739726027,0.794520547945205,0.10958904109589,1.35616438356164,-3.43835616438356,NA
"105","Zaza Pachulia",2013,2015,5200000,29,52,0.557692307692308,21.8076923076923,5.88461538461539,2.19230769230769,4.63461538461539,47.3,0,0.0576923076923077,0,1.5,1.98076923076923,75.7,2.53846153846154,3.92307692307692,6.46153846153846,1.51923076923077,1.34615384615385,0.673076923076923,0.230769230769231,2.46153846153846,-0.5,NA
"106","Quincy Pondexter",2014,2017,3500000,26,15,0.466666666666667,18,6.26666666666667,2.06666666666667,5.26666666666667,39.2,0.733333333333333,2.26666666666667,32.4,1.4,1.73333333333333,80.8,0.666666666666667,1.06666666666667,1.73333333333333,1.33333333333333,1,0.333333333333333,0.0666666666666667,1.2,-7.06666666666667,NA
"107","Shaquille Harrison",2018,2019,1473047.5,24,23,0.130434782608696,16.695652173913,6.60869565217391,2.56521739130435,5.39130434782609,47.6,0.260869565217391,1.1304347826087,23.1,1.21739130434783,1.65217391304348,73.7,0.391304347826087,2.26086956521739,2.65217391304348,2.39130434782609,0.956521739130435,1.1304347826087,0.304347826086957,1.82608695652174,2.04347826086957,NA
"108","Nicolas Batum",2012,2015,11530375,23,59,0.457627118644068,30.3559322033898,13.864406779661,4.89830508474576,10.864406779661,45.1,1.8135593220339,4.64406779661017,39.1,2.25423728813559,2.69491525423729,83.6,1.3728813559322,3.22033898305085,4.59322033898305,1.42372881355932,1.52542372881356,0.966101694915254,1.01694915254237,1.77966101694915,-1,NA
"109","Kyle Lowry",2014,2017,16225926,28,79,0.569620253164557,36.2278481012658,17.9367088607595,5.78481012658228,13.6708860759494,42.3,2.40506329113924,6.32911392405063,38,3.9620253164557,4.87341772151899,81.3,1.11392405063291,3.55696202531646,4.67088607594937,7.41772151898734,2.45569620253165,1.53164556962025,0.189873417721519,3.37974683544304,3.40506329113924,NA
"111","Garrett Temple",2014,2015,1040843,28,75,0.533333333333333,8.50666666666667,1.84,0.68,1.88,36.2,0.08,0.386666666666667,20.7,0.4,0.573333333333333,69.8,0.28,0.626666666666667,0.906666666666667,0.96,0.56,0.466666666666667,0.146666666666667,0.96,-1.14666666666667,NA
"112","Jordan Clarkson",2016,2019,12500000,24,79,0.215189873417722,32.3037974683544,15.506329113924,6.0126582278481,13.8987341772152,43.3,1.40506329113924,4.05063291139241,34.7,2.07594936708861,2.58227848101266,80.4,1.17721518987342,2.78481012658228,3.9620253164557,2.43037974683544,1.70886075949367,1.11392405063291,0.0886075949367089,2.12658227848101,-7.94936708860759,NA
"113","Chris Paul",2013,2017,21468695,28,70,0.714285714285714,33.3571428571429,16.9428571428571,5.88571428571429,12.2285714285714,48.1,1.08571428571429,3.31428571428571,32.8,4.08571428571429,4.61428571428571,88.5,0.757142857142857,2.98571428571429,3.74285714285714,9.68571428571429,2.27142857142857,2.41428571428571,0.142857142857143,2.04285714285714,6.17142857142857,NA
"114","Patrick Patterson",2014,2016,6050000.333,25,65,0.569230769230769,23.5692307692308,8.53846153846154,3.46153846153846,7.52307692307692,46,0.846153846153846,2.32307692307692,36.4,0.769230769230769,1.09230769230769,70.4,1.8,3.46153846153846,5.26153846153846,1.2,1,0.846153846153846,0.569230769230769,2.44615384615385,2.58461538461538,NA
"115","Robin Lopez",2015,2018,13503875,27,59,0.644067796610169,27.7627118644068,9.59322033898305,3.96610169491525,7.40677966101695,53.5,0,0.0169491525423729,0,1.66101694915254,2.15254237288136,77.2,3.22033898305085,3.45762711864407,6.67796610169492,0.932203389830508,1.23728813559322,0.271186440677966,1.42372881355932,2.06779661016949,2.47457627118644,NA
"116","Robert Covington",2014,2017,4928449.75,23,7,0.571428571428571,4.85714285714286,2.28571428571429,0.857142857142857,2,42.9,0.571428571428571,1.57142857142857,36.4,0,0,0,0.285714285714286,0.428571428571429,0.714285714285714,0,0.142857142857143,0.285714285714286,0,0.428571428571429,2.42857142857143,NA
"117","Gordon Hayward",2017,2020,31214295,27,73,0.63013698630137,34.4657534246575,21.9315068493151,7.46575342465753,15.8356164383562,47.1,2.04109589041096,5.12328767123288,39.8,4.95890410958904,5.87671232876712,84.4,0.671232876712329,4.72602739726027,5.3972602739726,3.45205479452055,1.91780821917808,1,0.273972602739726,1.6027397260274,4.75342465753425,NA
"118","Wayne Ellington",2013,2014,1781692,25,78,0.5,21.2948717948718,7.87179487179487,2.8974358974359,6.78205128205128,42.7,1.20512820512821,3.07692307692308,39.2,0.871794871794872,0.961538461538462,90.7,0.320512820512821,1.80769230769231,2.12820512820513,1.33333333333333,0.730769230769231,0.576923076923077,0.0384615384615385,1.03846153846154,0.217948717948718,NA
"119","Bismack Biyombo",2016,2019,1.7e+07,23,82,0.682926829268293,22.0487804878049,5.53658536585366,1.90243902439024,3.51219512195122,54.2,0,0.0121951219512195,0,1.73170731707317,2.75609756097561,62.8,2.21951219512195,5.76829268292683,7.98780487804878,0.353658536585366,0.865853658536585,0.231707317073171,1.6219512195122,2.74390243902439,1.02439024390244,NA
"120","Blake Griffin",2013,2017,20500805.6,24,80,0.6875,32.475,18,7.2125,13.4,53.8,0.0625,0.35,17.9,3.5125,5.325,66,2.325,5.95,8.275,3.7375,2.3125,1.2125,0.625,2.8875,4.8375,NA
"121","James Johnson",2013,2014,1503704.5,26,54,0.314814814814815,16.2592592592593,5.11111111111111,2.16666666666667,5.24074074074074,41.3,0.037037037037037,0.388888888888889,9.5,0.740740740740741,1.24074074074074,59.7,0.907407407407407,1.77777777777778,2.68518518518519,1.07407407407407,1.25925925925926,0.759259259259259,0.925925925925926,1.83333333333333,-5.16666666666667,NA
"122","Davis Bertans",2018,2019,7e+06,25,77,0.558441558441558,14.1038961038961,5.92207792207792,2.09090909090909,4.75324675324675,44,1.22077922077922,3.27272727272727,37.3,0.519480519480519,0.636363636363636,81.6,0.233766233766234,1.75324675324675,1.98701298701299,0.961038961038961,0.467532467532468,0.337662337662338,0.363636363636364,1.20779220779221,1.15584415584416,NA
"123","Joe Ingles",2015,2016,2100000,27,79,0.455696202531646,21.1772151898734,5.0126582278481,1.86075949367089,4.48101265822785,41.5,0.911392405063291,2.55696202531646,35.6,0.379746835443038,0.506329113924051,75,0.278481012658228,1.93670886075949,2.21518987341772,2.30379746835443,1.24050632911392,0.911392405063291,0.126582278481013,1.56962025316456,-0.620253164556962,NA
"124","Boban Marjanovic",2016,2018,7e+06,27,54,0.87037037037037,9.40740740740741,5.5,1.94444444444444,3.22222222222222,60.3,0,0,0,1.61111111111111,2.11111111111111,76.3,1.35185185185185,2.24074074074074,3.59259259259259,0.388888888888889,0.537037037037037,0.222222222222222,0.425925925925926,1,1,NA
"125","Thabo Sefolosha",2014,2016,4e+06,30,61,0.721311475409836,25.9672131147541,6.27868852459016,2.31147540983607,5.57377049180328,41.5,0.786885245901639,2.49180327868852,31.6,0.868852459016393,1.13114754098361,76.8,0.819672131147541,2.78688524590164,3.60655737704918,1.54098360655738,0.901639344262295,1.29508196721311,0.278688524590164,1.47540983606557,1.95081967213115,NA
"126","Harrison Barnes",2016,2019,23370934.75,24,66,0.893939393939394,30.9393939393939,11.7272727272727,4.46969696969697,9.59090909090909,46.6,1.24242424242424,3.24242424242424,38.3,1.54545454545455,2.03030303030303,76.1,1.16666666666667,3.75757575757576,4.92424242424242,1.77272727272727,0.863636363636364,0.621212121212121,0.151515151515152,2.06060606060606,6.83333333333333,NA
"127","Torrey Craig",2018,2019,2e+06,27,39,0.564102564102564,16.1282051282051,4.17948717948718,1.58974358974359,3.51282051282051,45.3,0.435897435897436,1.48717948717949,29.3,0.564102564102564,0.897435897435897,62.9,1.02564102564103,2.23076923076923,3.25641025641026,0.641025641025641,0.512820512820513,0.307692307692308,0.384615384615385,1.61538461538462,-1.56410256410256,NA
"128","Jeff Teague",2013,2016,8e+06,25,80,0.5375,32.85,14.575,5.4875,12.175,45.1,1.1125,3.1,35.9,2.4875,2.825,88.1,0.3125,1.9375,2.25,7.2375,2.875,1.4625,0.35,2.2625,0.925,NA
"129","Jae Crowder",2015,2019,7e+06,24,82,0.573170731707317,20.0853658536585,7.65853658536585,2.79268292682927,6.64634146341463,42,0.74390243902439,2.53658536585366,29.3,1.32926829268293,1.71951219512195,77.3,0.878048780487805,2.69512195121951,3.57317073170732,1.14634146341463,0.597560975609756,0.878048780487805,0.304878048780488,1.67073170731707,0.890243902439024,NA
"131","Kyrie Irving",2015,2019,20951075.6,23,75,0.693333333333333,36.4,21.7066666666667,7.70666666666667,16.4666666666667,46.8,2.09333333333333,5.04,41.5,4.2,4.86666666666667,86.3,0.733333333333333,2.42666666666667,3.16,5.18666666666667,2.48,1.52,0.266666666666667,1.94666666666667,5.62666666666667,NA
"132","Udonis Haslem",2014,2015,2793470,34,46,0.652173913043478,14.195652173913,3.76086956521739,1.60869565217391,3.17391304347826,50.7,0,0,0,0.543478260869565,0.956521739130435,56.8,0.91304347826087,2.89130434782609,3.80434782608696,0.282608695652174,0.521739130434783,0.239130434782609,0.326086956521739,1.71739130434783,-1.5,NA
"133","Robin Lopez",2019,2020,4767000,31,74,0.27027027027027,21.7027027027027,9.51351351351351,4.10810810810811,7.22972972972973,56.8,0.0945945945945946,0.418918918918919,22.6,1.2027027027027,1.66216216216216,72.4,1.89189189189189,1.97297297297297,3.86486486486486,1.2027027027027,1.2972972972973,0.148648648648649,1.05405405405405,1.67567567567568,-1.91891891891892,NA
"134","E'Twaun Moore",2014,2015,981792,25,79,0.278481012658228,19.0632911392405,6.31645569620253,2.46835443037975,5.77215189873418,42.8,0.721518987341772,2.0379746835443,35.4,0.658227848101266,0.860759493670886,76.5,0.367088607594937,1.35443037974684,1.72151898734177,1.41772151898734,0.69620253164557,0.759493670886076,0.164556962025316,1.34177215189873,-1.86075949367089,NA
"135","Justin Holiday",2015,2016,981486,26,59,0.830508474576271,11.135593220339,4.30508474576271,1.54237288135593,3.98305084745763,38.7,0.593220338983051,1.84745762711864,32.1,0.627118644067797,0.76271186440678,82.2,0.203389830508475,1.03389830508475,1.23728813559322,0.813559322033898,0.491525423728814,0.677966101694915,0.203389830508475,0.915254237288136,-0.220338983050847,NA
"136","Quinn Cook",2019,2020,3e+06,26,74,0.662162162162162,14.3108108108108,6.87837837837838,2.75675675675676,5.93243243243243,46.5,1.09459459459459,2.7027027027027,40.5,0.27027027027027,0.351351351351351,76.9,0.297297297297297,1.82432432432432,2.12162162162162,1.56756756756757,0.675675675675676,0.27027027027027,0.0405405405405405,1.24324324324324,-1.7972972972973,NA
"137","Avery Bradley",2019,2020,4767000,28,63,0.492063492063492,30.2380952380952,9.92063492063492,3.93650793650794,9.65079365079365,40.8,1.36507936507937,3.88888888888889,35.1,0.682539682539683,0.793650793650794,86,0.682539682539683,2.0952380952381,2.77777777777778,2.41269841269841,1.41269841269841,0.650793650793651,0.253968253968254,2.65079365079365,-1.3015873015873,NA
"138","Rudy Gay",2015,2017,11380811.33,28,68,0.367647058823529,35.4117647058824,21.0588235294118,7.47058823529412,16.4117647058824,45.5,1.16176470588235,3.23529411764706,35.9,4.95588235294118,5.77941176470588,85.8,1.44117647058824,4.42647058823529,5.86764705882353,3.67647058823529,2.69117647058824,1.04411764705882,0.602941176470588,2.30882352941176,-1.57352941176471,NA
"139","Serge Ibaka",2017,2019,21666666.67,27,79,0.468354430379747,30.6582278481013,14.8481012658228,5.9620253164557,12.4303797468354,48,1.56962025316456,4.0126582278481,39.1,1.35443037974684,1.58227848101266,85.6,1.63291139240506,5.17721518987342,6.81012658227848,0.949367088607595,1.32911392405063,0.518987341772152,1.56962025316456,2.72151898734177,-1.79746835443038,NA
"140","Eric Gordon",2012,2015,14591390.75,23,9,0.666666666666667,34.4444444444444,20.5555555555556,7,15.5555555555556,45,1.11111111111111,4.44444444444444,25,5.44444444444444,7.22222222222222,75.4,0.222222222222222,2.55555555555556,2.77777777777778,3.44444444444444,2.66666666666667,1.44444444444444,0.444444444444444,2.22222222222222,3.77777777777778,NA
"141","Fred VanVleet",2018,2019,9e+06,24,76,0.723684210526316,20,8.63157894736842,3.05263157894737,7.17105263157895,42.6,1.42105263157895,3.43421052631579,41.4,1.10526315789474,1.32894736842105,83.2,0.328947368421053,2.09210526315789,2.42105263157895,3.19736842105263,0.973684210526316,0.894736842105263,0.25,1.71052631578947,4.63157894736842,NA
"142","Thaddeus Young",2011,2014,8319565.25,23,82,0.5,26.0365853658537,12.7439024390244,5.58536585365854,10.3292682926829,54.1,0.0731707317073171,0.268292682926829,27.3,1.5,2.1219512195122,70.7,1.86585365853659,3.42682926829268,5.29268292682927,1,1.20731707317073,1.09756097560976,0.317073170731707,2.07317073170732,1.96341463414634,NA
"143","Patrick Patterson",2017,2019,4325064.333,28,65,0.646153846153846,24.6,6.84615384615385,2.36923076923077,5.90769230769231,40.1,1.44615384615385,3.89230769230769,37.2,0.661538461538462,0.923076923076923,71.7,0.953846153846154,3.55384615384615,4.50769230769231,1.16923076923077,0.584615384615385,0.615384615384615,0.353846153846154,1.84615384615385,5.33846153846154,NA
"144","Wilson Chandler",2011,2015,7369732.5,24,72,0.569444444444444,33.3333333333333,15.2777777777778,5.95833333333333,13.2361111111111,45,1.55555555555556,4.44444444444444,35,1.80555555555556,2.23611111111111,80.7,1.04166666666667,4.625,5.66666666666667,1.66666666666667,1.44444444444444,0.666666666666667,1.30555555555556,2.76388888888889,2.43055555555556,NA
"145","Quinn Cook",2017,2018,867391.5,24,14,0.642857142857143,13.3571428571429,5.64285714285714,2.35714285714286,4.71428571428571,50,0.785714285714286,1.85714285714286,42.3,0.142857142857143,0.357142857142857,40,0.0714285714285714,0.428571428571429,0.5,1.85714285714286,0.928571428571429,0.285714285714286,0,0.928571428571429,-2.92857142857143,NA
"147","Ed Davis",2015,2017,6666666.667,26,79,0.253164556962025,23.2911392405063,8.30379746835443,3.56962025316456,5.93670886075949,60.1,0,0,0,1.16455696202532,2.39240506329114,48.7,2.91139240506329,4.68354430379747,7.59493670886076,1.18987341772152,0.734177215189873,0.620253164556962,1.24050632911392,2.55696202531646,-3.35443037974684,NA
"148","Raymond Felton",2012,2015,4270000,28,60,0.466666666666667,31.7666666666667,11.4,4.35,10.7,40.7,1.03333333333333,3.38333333333333,30.5,1.66666666666667,2.06666666666667,80.6,0.45,2.03333333333333,2.48333333333333,6.5,2.83333333333333,1.3,0.166666666666667,2.03333333333333,2.36666666666667,NA
"149","Tristan Thompson",2015,2019,16399826,24,82,0.646341463414634,26.7560975609756,8.45121951219512,3.25609756097561,5.95121951219512,54.7,0,0,0,1.9390243902439,3.02439024390244,64.1,3.34146341463415,4.67073170731707,8.01219512195122,0.475609756097561,1.01219512195122,0.414634146341463,0.74390243902439,2.30487804878049,2.65853658536585,NA
"150","Carmelo Anthony",2012,2013,20470000,28,55,0.527272727272727,34.1090909090909,22.6363636363636,8.01818181818182,18.6363636363636,43,1.23636363636364,3.69090909090909,33.5,5.36363636363636,6.67272727272727,80.4,1.6,4.65454545454545,6.25454545454545,3.63636363636364,2.61818181818182,1.12727272727273,0.436363636363636,2.83636363636364,1.96363636363636,NA
"151","Khris Middleton",2015,2019,17520689.6,23,79,0.506329113924051,30.1012658227848,13.3544303797468,5.13924050632911,11,46.7,1.37974683544304,3.39240506329114,40.7,1.69620253164557,1.9746835443038,85.9,0.607594936708861,3.78481012658228,4.39240506329114,2.30379746835443,1.43037974683544,1.54430379746835,0.139240506329114,2.31645569620253,4.05063291139241,NA
"152","Ricky Rubio",2015,2018,13750000,24,22,0.318181818181818,31.4545454545455,10.2727272727273,3.54545454545455,9.95454545454546,35.6,0.590909090909091,2.31818181818182,25.5,2.59090909090909,3.22727272727273,80.3,0.863636363636364,4.81818181818182,5.68181818181818,8.77272727272727,2.90909090909091,1.72727272727273,0.0454545454545455,2.68181818181818,-0.545454545454545,NA
"153","LeBron James",2016,2017,32124579.5,31,76,0.736842105263158,35.6447368421053,25.2631578947368,9.69736842105263,18.6315789473684,52,1.14473684210526,3.71052631578947,30.9,4.72368421052632,6.46052631578947,73.1,1.46052631578947,5.97368421052632,7.43421052631579,6.76315789473684,3.27631578947368,1.36842105263158,0.644736842105263,1.88157894736842,8.13157894736842,NA
"154","George Hill",2017,2019,16377969,31,49,0.673469387755102,31.5102040816327,16.9183673469388,5.89795918367347,12.3673469387755,47.7,1.91836734693878,4.75510204081633,40.3,3.20408163265306,4,80.1,0.469387755102041,2.93877551020408,3.40816326530612,4.16326530612245,1.73469387755102,1.02040816326531,0.224489795918367,2.3265306122449,5.26530612244898,NA
"155","Rajon Rondo",2016,2017,10150000,30,72,0.402777777777778,35.2361111111111,11.9305555555556,4.93055555555556,10.8611111111111,45.4,0.861111111111111,2.36111111111111,36.5,1.20833333333333,2.08333333333333,58,1.06944444444444,4.97222222222222,6.04166666666667,11.6527777777778,3.86111111111111,1.95833333333333,0.138888888888889,2.43055555555556,-2.13888888888889,NA
"156","Danilo Gallinari",2017,2019,21587579,28,63,0.492063492063492,33.8730158730159,18.1746031746032,5.31746031746032,11.9047619047619,44.7,2,5.14285714285714,38.9,5.53968253968254,6.14285714285714,90.2,0.619047619047619,4.53968253968254,5.15873015873016,2.14285714285714,1.3015873015873,0.634920634920635,0.238095238095238,1.47619047619048,2.52380952380952,NA
"157","James Harden",2013,2017,19784243.4,23,78,0.551282051282051,38.2692307692308,25.9358974358974,7.5,17.1410256410256,43.8,2.29487179487179,6.23076923076923,36.8,8.64102564102564,10.1538461538462,85.1,0.794871794871795,4.06410256410256,4.85897435897436,5.83333333333333,3.78205128205128,1.82051282051282,0.487179487179487,2.28205128205128,2.5,NA
"158","Kyle Korver",2013,2016,6e+06,32,74,0.554054054054054,30.527027027027,10.9459459459459,3.74324324324324,8.12162162162162,46.1,2.55405405405405,5.59459459459459,45.7,0.905405405405405,1.05405405405405,85.9,0.310810810810811,3.64864864864865,3.95945945945946,1.97297297297297,0.945945945945946,0.945945945945946,0.5,2.2972972972973,2.68918918918919,NA
"159","Reggie Bullock",2017,2018,2500000,26,31,0.419354838709677,15.0645161290323,4.54838709677419,1.74193548387097,4.12903225806452,42.2,0.903225806451613,2.35483870967742,38.4,0.161290322580645,0.225806451612903,71.4,0.419354838709677,1.64516129032258,2.06451612903226,0.935483870967742,0.32258064516129,0.580645161290323,0.0967741935483871,0.709677419354839,1.7741935483871,NA
"160","DeMarcus Cousins",2014,2017,15562595.5,23,71,0.394366197183099,32.3661971830986,22.7323943661972,8.32394366197183,16.7746478873239,49.6,0,0.0985915492957746,0,6.08450704225352,8.38028169014085,72.6,3.07042253521127,8.63380281690141,11.7042253521127,2.91549295774648,3.53521126760563,1.53521126760563,1.28169014084507,3.80281690140845,-0.23943661971831,NA
"161","Meyers Leonard",2016,2019,10250000,24,61,0.540983606557377,21.8524590163934,8.37704918032787,3.19672131147541,7.13114754098361,44.8,1.40983606557377,3.73770491803279,37.7,0.573770491803279,0.754098360655738,76.1,0.836065573770492,4.31147540983607,5.14754098360656,1.50819672131148,1.26229508196721,0.131147540983607,0.295081967213115,3,1.63934426229508,NA
"162","Wayne Ellington",2015,2016,3750000,27,65,0.276923076923077,25.7692307692308,10,3.90769230769231,9.49230769230769,41.2,1.38461538461538,3.73846153846154,37,0.8,0.984615384615385,81.3,0.476923076923077,2.75384615384615,3.23076923076923,1.61538461538462,0.769230769230769,0.507692307692308,0.0307692307692308,1.18461538461538,-1.86153846153846,NA
"164","Christian Wood",2016,2017,874636,20,17,0,8.52941176470588,3.58823529411765,1.29411764705882,3.11764705882353,41.5,0.235294117647059,0.647058823529412,36.4,0.764705882352941,1.23529411764706,61.9,0.764705882352941,1.47058823529412,2.23529411764706,0.176470588235294,0.117647058823529,0.294117647058824,0.411764705882353,0.647058823529412,-2.88235294117647,NA
"165","LeBron James",2015,2016,26966975,30,69,0.72463768115942,36.1304347826087,25.2608695652174,9.04347826086956,18.536231884058,48.8,1.73913043478261,4.91304347826087,35.4,5.43478260869565,7.65217391304348,71,0.739130434782609,5.28985507246377,6.02898550724638,7.40579710144928,3.94202898550725,1.57971014492754,0.710144927536232,1.95652173913043,7.84057971014493,NA
"166","Trey Burke",2017,2018,1289587.5,24,57,0.614035087719298,12.3333333333333,5,2.03508771929825,4.47368421052632,45.5,0.543859649122807,1.2280701754386,44.3,0.385964912280702,0.508771929824561,75.9,0.12280701754386,0.701754385964912,0.824561403508772,1.75438596491228,0.842105263157895,0.192982456140351,0.087719298245614,0.947368421052632,-2.80701754385965,NA
"167","Seth Curry",2016,2017,2963205,25,44,0.386363636363636,15.7272727272727,6.79545454545455,2.31818181818182,5.09090909090909,45.5,1.13636363636364,2.52272727272727,45,1.02272727272727,1.22727272727273,83.3,0.204545454545455,1.15909090909091,1.36363636363636,1.52272727272727,0.818181818181818,0.5,0.0681818181818182,0.931818181818182,-0.818181818181818,NA
"168","Avery Bradley",2018,2019,8383500,27,46,0.478260869565217,31.1521739130435,14.2608695652174,5.6304347826087,13.5869565217391,41.4,1.6304347826087,4.41304347826087,36.9,1.3695652173913,1.78260869565217,76.8,0.478260869565217,2.04347826086957,2.52173913043478,2.04347826086957,2.19565217391304,1.10869565217391,0.173913043478261,2,-2.65217391304348,NA
"169","Danny Green",2012,2014,3762500,25,66,0.757575757575758,23.0606060606061,9.13636363636364,3.1969696969697,7.22727272727273,44.2,1.54545454545455,3.54545454545455,43.6,1.1969696969697,1.51515151515152,79,0.818181818181818,2.63636363636364,3.45454545454545,1.3030303030303,1.01515151515152,0.878787878787879,0.696969696969697,1.62121212121212,3.6969696969697,NA
"170","Serge Ibaka",2013,2016,12250000,23,80,0.725,31.075,13.1875,5.575,9.725,57.3,0.25,0.7125,35.1,1.7875,2.3875,74.9,2.775,4.9375,7.7125,0.5375,1.5625,0.35,3.025,2.6625,6.1125,NA
"171","Ian Mahinmi",2012,2015,4e+06,25,61,0.590163934426229,18.672131147541,5.80327868852459,2.13114754098361,3.90163934426229,54.6,0,0.0163934426229508,0,1.54098360655738,2.40983606557377,63.9,1.77049180327869,2.9672131147541,4.73770491803279,0.19672131147541,0.819672131147541,0.622950819672131,0.508196721311475,2.88524590163934,1.13114754098361,NA
"172","Jared Dudley",2016,2018,1e+07,30,81,0.493827160493827,25.9012345679012,7.87654320987654,2.87654320987654,6.01234567901235,47.8,1.23456790123457,2.93827160493827,42,0.888888888888889,1.20987654320988,73.5,0.666666666666667,2.8641975308642,3.53086419753086,2.11111111111111,0.987654320987654,0.925925925925926,0.222222222222222,2.34567901234568,0.740740740740741,NA
"173","Derrick Favors",2014,2017,1.2e+07,22,73,0.342465753424658,30.1506849315068,13.2876712328767,5.34246575342466,10.2328767123288,52.2,0,0.0136986301369863,0,2.6027397260274,3.89041095890411,66.9,2.72602739726027,6,8.72602739726027,1.24657534246575,1.76712328767123,1.02739726027397,1.47945205479452,3.23287671232877,-4.63013698630137,NA
"174","Eric Gordon",2016,2019,13221697.5,27,45,0.311111111111111,32.9111111111111,15.2444444444444,5.13333333333333,12.2666666666667,41.8,2.51111111111111,6.53333333333333,38.4,2.46666666666667,2.77777777777778,88.8,0.222222222222222,1.97777777777778,2.2,2.68888888888889,1.62222222222222,0.955555555555556,0.311111111111111,2.17777777777778,-1.55555555555556,NA
"175","Joe Harris",2018,2019,8e+06,26,78,0.346153846153846,25.3205128205128,10.8461538461538,3.91025641025641,7.96153846153846,49.1,1.92307692307692,4.58974358974359,41.9,1.1025641025641,1.33333333333333,82.7,0.653846153846154,2.67948717948718,3.33333333333333,1.64102564102564,1.16666666666667,0.448717948717949,0.256410256410256,1.96153846153846,-1.53846153846154,NA
"176","Kevin Durant",2011,2015,18759601.8,22,78,0.666666666666667,38.9487179487179,27.7051282051282,9.11538461538461,19.7179487179487,46.2,1.85897435897436,5.30769230769231,35,7.61538461538461,8.65384615384615,88,0.730769230769231,6.1025641025641,6.83333333333333,2.74358974358974,2.79487179487179,1.12820512820513,0.974358974358974,2.03846153846154,3.44871794871795,NA
"177","Klay Thompson",2015,2018,17244862.5,25,77,0.831168831168831,31.8831168831169,21.6623376623377,7.81818181818182,16.8701298701299,46.3,3.1038961038961,7.07792207792208,43.9,2.92207792207792,3.32467532467532,87.9,0.350649350649351,2.85714285714286,3.20779220779221,2.88311688311688,1.93506493506494,1.12987012987013,0.779220779220779,1.58441558441558,10.0779220779221,NA
"178","Kemba Walker",2015,2018,1.2e+07,25,62,0.338709677419355,34.1774193548387,17.3387096774194,6.09677419354839,15.8225806451613,38.5,1.37096774193548,4.51612903225806,30.4,3.7741935483871,4.56451612903226,82.7,0.564516129032258,2.98387096774194,3.54838709677419,5.12903225806452,1.61290322580645,1.43548387096774,0.5,1.48387096774194,-3.03225806451613,NA
"179","Justin Holiday",2017,2018,4500000,28,82,0.378048780487805,19.9878048780488,7.67073170731707,2.84146341463415,6.5609756097561,43.3,1.18292682926829,3.32926829268293,35.5,0.804878048780488,0.975609756097561,82.5,0.329268292682927,2.41463414634146,2.74390243902439,1.24390243902439,0.804878048780488,0.792682926829268,0.378048780487805,1.32926829268293,-0.5,NA
"180","Danilo Gallinari",2015,2017,16536533,26,59,0.389830508474576,24.1694915254237,12.4406779661017,3.86440677966102,9.6271186440678,40.1,1.8135593220339,5.10169491525424,35.5,2.89830508474576,3.23728813559322,89.5,0.525423728813559,3.16949152542373,3.69491525423729,1.40677966101695,0.966101694915254,0.796610169491525,0.338983050847458,1.59322033898305,0.305084745762712,NA
"181","JaKarr Sampson",2015,2016,1103547,22,74,0.22972972972973,15.2837837837838,5.21621621621622,1.97297297297297,4.67567567567568,42.2,0.418918918918919,1.71621621621622,24.4,0.851351351351351,1.27027027027027,67,0.472972972972973,1.72972972972973,2.2027027027027,1.04054054054054,1.02702702702703,0.513513513513513,0.351351351351351,1.82432432432432,-4.52702702702703,NA
"182","Mike Scott",2014,2016,3333333,25,80,0.45,18.525,9.5875,3.7625,7.85,47.9,0.775,2.5,31,1.2875,1.65,78,0.775,2.775,3.55,0.9375,0.9875,0.375,0.0875,1.5125,-2.4,NA
"183","Tyler Johnson",2016,2019,7719436.25,24,36,0.527777777777778,23.9722222222222,8.72222222222222,3.27777777777778,6.75,48.6,0.75,1.97222222222222,38,1.41666666666667,1.77777777777778,79.7,0.777777777777778,2.25,3.02777777777778,2.19444444444444,1.30555555555556,0.666666666666667,0.388888888888889,1.83333333333333,0.25,NA
"184","Danilo Gallinari",2012,2015,11110193.75,23,43,0.627906976744186,31.4186046511628,14.6046511627907,4.48837209302326,10.8372093023256,41.4,1.3953488372093,4.25581395348837,32.8,4.23255813953488,4.86046511627907,87.1,0.651162790697674,4.04651162790698,4.69767441860465,2.69767441860465,1.58139534883721,0.976744186046512,0.534883720930233,2,5.06976744186047,NA
"185","Aron Baynes",2018,2019,5323440,31,81,0.666666666666667,18.320987654321,5.95061728395062,2.59259259259259,5.50617283950617,47.1,0.037037037037037,0.259259259259259,14.3,0.728395061728395,0.962962962962963,75.6,1.60493827160494,3.75308641975309,5.35802469135802,1.14814814814815,0.987654320987654,0.271604938271605,0.62962962962963,2.46913580246914,2.28395061728395,NA
"186","DeMar DeRozan",2013,2016,13760025,23,82,0.414634146341463,36.7439024390244,18.109756097561,6.68292682926829,15.0121951219512,44.5,0.414634146341463,1.46341463414634,28.3,4.32926829268293,5.20731707317073,83.1,0.585365853658537,3.31707317073171,3.90243902439024,2.48780487804878,1.84146341463415,0.926829268292683,0.292682926829268,2.10975609756098,-1.36585365853659,NA
"187","Thaddeus Young",2015,2018,12500000,27,76,0.328947368421053,32.0263157894737,14.0921052631579,5.93421052631579,12.7368421052632,46.6,0.5,1.51315789473684,33,1.72368421052632,2.63157894736842,65.5,1.67105263157895,3.73684210526316,5.40789473684211,2.27631578947368,1.53947368421053,1.63157894736842,0.328947368421053,2.25,-2.81578947368421,NA
"188","Anthony Davis",2016,2020,24604884.5,23,61,0.39344262295082,35.4754098360656,24.2786885245902,9.18032786885246,18.6229508196721,49.3,0.573770491803279,1.77049180327869,32.4,5.34426229508197,7.04918032786885,75.8,2.13114754098361,8.14754098360656,10.2786885245902,1.90163934426229,1.98360655737705,1.27868852459016,2.04918032786885,2.42622950819672,-3.27868852459016,NA
"189","Marc Gasol",2011,2014,14375941,26,81,0.567901234567901,31.9259259259259,11.7407407407407,4.49382716049383,8.53086419753086,52.7,0.037037037037037,0.0864197530864197,42.9,2.71604938271605,3.62962962962963,74.8,1.90123456790123,5.12345679012346,7.02469135802469,2.46913580246914,1.80246913580247,0.91358024691358,1.67901234567901,3.2716049382716,1.7037037037037,NA
"190","Robin Lopez",2012,2014,5119761,24,64,0.5,13.984375,5.4375,1.9375,4.203125,46.1,0,0,0,1.5625,2.1875,71.4,1.40625,1.859375,3.265625,0.3125,0.671875,0.28125,0.9375,2,-1,NA
"191","Derrick Favors",2018,2019,17275000,26,77,0.597402597402597,27.961038961039,12.2597402597403,5.12987012987013,9.11688311688312,56.3,0.181818181818182,0.818181818181818,22.2,1.81818181818182,2.79220779220779,65.1,2.57142857142857,4.5974025974026,7.16883116883117,1.32467532467532,1.14285714285714,0.701298701298701,1.06493506493506,2.12987012987013,1.85714285714286,NA
"192","Kevin Durant",2017,2018,27500000,28,62,0.82258064516129,33.3870967741936,25.0806451612903,8.88709677419355,16.5483870967742,53.7,1.88709677419355,5.03225806451613,37.5,5.41935483870968,6.19354838709677,87.5,0.629032258064516,7.64516129032258,8.2741935483871,4.83870967741935,2.2258064516129,1.06451612903226,1.59677419354839,1.88709677419355,11.4677419354839,NA
"193","Jerami Grant",2018,2020,8839743,24,81,0.592592592592593,20.3333333333333,8.41975308641975,3.01234567901235,5.62962962962963,53.5,0.395061728395062,1.35802469135802,29.1,2,2.96296296296296,67.5,1.06172839506173,2.87654320987654,3.93827160493827,0.703703703703704,0.666666666666667,0.382716049382716,0.950617283950617,1.91358024691358,0.209876543209877,NA
"194","Patrick Beverley",2015,2018,5756757,26,56,0.625,30.8392857142857,10.1428571428571,3.64285714285714,9.5,38.3,2.05357142857143,5.76785714285714,35.6,0.803571428571429,1.07142857142857,75,1.19642857142857,3.03571428571429,4.23214285714286,3.42857142857143,1.48214285714286,1.05357142857143,0.410714285714286,3.25,1.26785714285714,NA
"195","Brook Lopez",2012,2014,14693666.67,24,5,0.4,27.2,19.2,7.6,15.4,49.4,0,0,0,4,6.4,62.5,1.6,2,3.6,1.2,1.2,0.2,0.8,1.6,-5.4,NA
"196","Nikola Vucevic",2015,2018,1.2e+07,24,74,0.283783783783784,34.1756756756757,19.2972972972973,8.52702702702703,16.2972972972973,52.3,0.027027027027027,0.0810810810810811,33.3,2.21621621621622,2.94594594594595,75.2,3.21621621621622,7.72972972972973,10.9459459459459,1.98648648648649,2,0.72972972972973,0.72972972972973,2.97297297297297,-4.08108108108108,NA
"197","Aron Baynes",2015,2017,5766666.667,28,70,0.7,16.0285714285714,6.58571428571429,2.64285714285714,4.67142857142857,56.6,0.0142857142857143,0.0571428571428571,25,1.28571428571429,1.48571428571429,86.5,1.55714285714286,2.98571428571429,4.54285714285714,0.5,0.928571428571429,0.228571428571429,0.314285714285714,2.31428571428571,1.94285714285714,NA
"198","Andre Iguodala",2013,2016,1.2e+07,29,80,0.7125,34.7375,12.975,4.95,10.9875,45.1,1.1375,3.5875,31.7,1.9375,3.375,57.4,1.025,4.2625,5.2875,5.4125,2.575,1.7375,0.65,1.5875,4.75,NA
"199","Draymond Green",2015,2019,16400000,25,79,0.810126582278481,31.5189873417722,11.6582278481013,4.29113924050633,9.68354430379747,44.3,1.40506329113924,4.16455696202532,33.7,1.67088607594937,2.53164556962025,66,1.44303797468354,6.74683544303798,8.18987341772152,3.68354430379747,1.68354430379747,1.55696202531646,1.25316455696203,3.20253164556962,10.620253164557,NA
